<?xml version="1.0" encoding="UTF-8"?>
<!--

    Sonar Data Migrator, A tool to migrate sonar project data between to separate sonar instances.

    Copyright (C) 2013 Worldline or third-party contributors as
    indicated by the @author tags or express copyright attribution
    statements applied by the authors.

    This library is free software; you can redistribute it and/or
    modify it under the terms of the GNU Lesser General Public
    License as published by the Free Software Foundation; either
    version 2.1 of the License.

    This library is distributed in the hope that it will be useful,
    but WITHOUT ANY WARRANTY; without even the implied warranty of
    MERCHANTABILITY or FITNESS FOR A PARTICULAR PURPOSE. See the GNU
    Lesser General Public License for more details.

    You should have received a copy of the GNU Lesser General Public
    License along with this library; if not, see <http://www.gnu.org/licenses/>

-->
<!DOCTYPE log4j:configuration SYSTEM "log4j.dtd">

<!-- ===================================================================== -->
<!--                                                                       -->
<!--  Log4j Configuration                                                  -->
<!--                                                                       -->
<!-- ===================================================================== -->

<!--
   | For more configuration infromation and examples see the Jakarta Log4j
   | owebsite: http://jakarta.apache.org/log4j
 -->

<log4j:configuration xmlns:log4j="http://jakarta.apache.org/log4j/" debug="true">
   
<appender name="CONSOLE" class="org.apache.log4j.ConsoleAppender">
      <param name="Target" value="System.out"/>
      <param name="Threshold" value="DEBUG"/>

      <layout class="org.apache.log4j.PatternLayout">
         <!-- The default pattern: Date Priority [Category] Messagen -->
         <param name="ConversionPattern" value="%-5p %d{dd-MM HH:mm:ss,SSS} (%F:%M:%L)  -%m%n"/>
      </layout>
</appender>

<appender name="FILE" class="org.apache.log4j.RollingFileAppender"> 
		<param name="file" value="logs/migration.log"/>
		<param name="MaxFileSize" value="1000KB"/>
		<param name="MaxBackupIndex" value="5"/>
		<layout class="org.apache.log4j.PatternLayout"> 
			<param name="ConversionPattern" value="%-5p %d{dd-MM HH:mm:ss,SSS} (%F:%M:%L) - %m%n"/>
		</layout> 
	</appender>

<category name="com.worldline.awltech.sonar" additivity="true">
		<priority value="debug"/>
		<appender-ref ref="CONSOLE"/>
		<appender-ref ref="FILE"/>		
</category>	
	
   <root>
      <priority value="debug"/>
      <appender-ref ref="FILE"/>	
   </root>

</log4j:configuration>
